,fichiers
0,100403.jpg
1,101142.jpg
2,101143.jpg
3,101785.jpg
4,101786.jpg
5,101787.jpg
6,101788.jpg
7,102394.jpg
8,102395.jpg
9,102396.jpg
10,103097.jpg
11,103098.jpg
12,103099.jpg
13,103100.jpg
14,103205.jpg
15,10466.jpg
16,106152.jpg
17,106407.jpg
18,106411.jpg
19,106508.jpg
20,106532.jpg
21,106561.jpg
22,106570.jpg
23,107471.jpg
24,107472.jpg
25,109859.jpg
26,109860.jpg
27,110219.jpg
28,110220.jpg
29,110221.jpg
30,110751.jpg
31,112287.jpg
32,112288.jpg
33,112383.jpg
34,113406.jpg
35,113428.jpg
36,113439.jpg
37,113611.jpg
38,113618.jpg
39,114183.jpg
40,115625.jpg
41,115626.jpg
42,115627.jpg
43,115628.jpg
44,115629.jpg
45,115630.jpg
46,115631.jpg
47,116013.jpg
48,116263.jpg
49,116759.jpg
50,116760.jpg
51,116775.jpg
52,116777.jpg
53,11832.jpg
54,118639.jpg
55,118640.jpg
56,118641.jpg
57,118642.jpg
58,118725.jpg
59,118726.jpg
60,118727.jpg
61,118751.jpg
62,118907.jpg
63,118908.jpg
64,118909.jpg
65,118910.jpg
66,118911.jpg
67,118912.jpg
68,118913.jpg
69,118918.jpg
70,118919.jpg
71,118920.jpg
72,118921.jpg
73,118922.jpg
74,118923.jpg
75,119300.jpg
76,11955.jpg
77,119647.jpg
78,119648.jpg
79,119649.jpg
80,119650.jpg
81,119653.jpg
82,119654.jpg
83,120076.jpg
84,120079.jpg
85,120103.jpg
86,120933.jpg
87,121168.jpg
88,121169.jpg
89,12129.jpg
90,12130.jpg
91,12131.jpg
92,121386.jpg
93,121616.jpg
94,121620.jpg
95,121867.jpg
96,121871.jpg
97,122783.jpg
98,124107.jpg
99,124111.jpg
100,124112.jpg
101,124113.jpg
102,124114.jpg
103,124115.jpg
104,124116.jpg
105,124117.jpg
106,124118.jpg
107,124119.jpg
108,125279.jpg
109,125280.jpg
110,125281.jpg
111,125282.jpg
112,125285.jpg
113,125500.jpg
114,125501.jpg
115,125502.jpg
116,125503.jpg
117,125505.jpg
118,125506.jpg
119,125507.jpg
120,125508.jpg
121,12560.jpg
122,12561.jpg
123,125926.jpg
124,125927.jpg
125,125928.jpg
126,125929.jpg
127,125930.jpg
128,126028.jpg
129,126029.jpg
130,126030.jpg
131,126031.jpg
132,127723.jpg
133,128319.jpg
134,128587.jpg
135,128588.jpg
136,128692.jpg
137,128693.jpg
138,128694.jpg
139,128986.jpg
140,128987.jpg
141,128988.jpg
142,128989.jpg
143,129012.jpg
144,129013.jpg
145,130290.jpg
146,13137.jpg
147,132099.jpg
148,132100.jpg
149,132101.jpg
150,132239.jpg
151,132240.jpg
152,132241.jpg
153,132242.jpg
154,13252.jpg
155,13253.jpg
156,13254.jpg
157,13255.jpg
158,13257.jpg
159,13258.jpg
160,13259.jpg
161,13260.jpg
162,13261.jpg
163,132818.jpg
164,132819.jpg
165,132820.jpg
166,132897.jpg
167,132898.jpg
168,134894.jpg
169,135168.jpg
170,135169.jpg
171,135170.jpg
172,135171.jpg
173,135172.jpg
174,135230.jpg
175,135231.jpg
176,135232.jpg
177,135233.jpg
178,135234.jpg
179,135235.jpg
180,135236.jpg
181,135237.jpg
182,135238.jpg
183,135239.jpg
184,136172.jpg
185,136868.jpg
186,136869.jpg
187,136870.jpg
188,136871.jpg
189,137119.jpg
190,137120.jpg
191,137265.jpg
192,137266.jpg
193,137267.jpg
194,137268.jpg
195,137269.jpg
196,137270.jpg
197,137271.jpg
198,137272.jpg
199,137273.jpg
200,137274.jpg
201,137275.jpg
202,137276.jpg
203,137277.jpg
204,137278.jpg
205,137279.jpg
206,137280.jpg
207,137303.jpg
208,137304.jpg
209,137305.jpg
210,137753.jpg
211,137754.jpg
212,137772.jpg
213,137773.jpg
214,137774.jpg
215,137775.jpg
216,137776.jpg
217,137777.jpg
218,137778.jpg
219,137779.jpg
220,137780.jpg
221,137781.jpg
222,138245.jpg
223,138728.jpg
224,138831.jpg
225,138832.jpg
226,138833.jpg
227,139537.jpg
228,139538.jpg
229,139539.jpg
230,139540.jpg
231,139541.jpg
232,139542.jpg
233,140452.jpg
234,141018.jpg
235,141019.jpg
236,141020.jpg
237,141021.jpg
238,141058.jpg
239,141115.jpg
240,141359.jpg
241,141360.jpg
242,141455.jpg
243,141456.jpg
244,141457.jpg
245,141458.jpg
246,141527.jpg
247,141528.jpg
248,141529.jpg
249,142041.jpg
250,142042.jpg
251,142043.jpg
252,142343.jpg
253,142344.jpg
254,142345.jpg
255,142346.jpg
256,143873.jpg
257,143874.jpg
258,144194.jpg
259,144195.jpg
260,144196.jpg
261,144197.jpg
262,144198.jpg
263,144477.jpg
264,144478.jpg
265,144479.jpg
266,144480.jpg
267,145643.jpg
268,145644.jpg
269,145645.jpg
270,145892.jpg
271,145898.jpg
272,145911.jpg
273,145912.jpg
274,145921.jpg
275,145922.jpg
276,146461.jpg
277,147051.jpg
278,147291.jpg
279,147344.jpg
280,147345.jpg
281,147347.jpg
282,147854.jpg
283,147867.jpg
284,148011.jpg
285,148012.jpg
286,148279.jpg
287,149191.jpg
288,149192.jpg
289,149370.jpg
290,149371.jpg
291,149372.jpg
292,149835.jpg
293,149836.jpg
294,149837.jpg
295,149838.jpg
296,149839.jpg
297,150797.jpg
298,150798.jpg
299,150799.jpg
300,150804.jpg
301,150805.jpg
302,150806.jpg
303,151167.jpg
304,151840.jpg
305,152077.jpg
306,152197.jpg
307,153146.jpg
308,153334.jpg
309,153344.jpg
310,154272.jpg
311,155901.jpg
312,155902.jpg
313,155903.jpg
314,156552.jpg
315,156943.jpg
316,156978.jpg
317,156989.jpg
318,15749.jpg
319,157921.jpg
320,157922.jpg
321,157923.jpg
322,157924.jpg
323,157925.jpg
324,159000.jpg
325,159164.jpg
326,159232.jpg
327,159233.jpg
328,159700.jpg
329,159714.jpg
330,159715.jpg
331,159727.jpg
332,159728.jpg
333,159729.jpg
334,159730.jpg
335,159767.jpg
336,159768.jpg
337,159769.jpg
338,159770.jpg
339,159771.jpg
340,159772.jpg
341,160170.jpg
342,160298.jpg
343,1603.jpg
344,1604.jpg
345,1605.jpg
346,1608.jpg
347,161489.jpg
348,162056.jpg
349,162060.jpg
350,162190.jpg
351,162197.jpg
352,163858.jpg
353,163859.jpg
354,164240.jpg
355,164382.jpg
356,164749.jpg
357,16574.jpg
358,166413.jpg
359,166414.jpg
360,166415.jpg
361,166416.jpg
362,167209.jpg
363,167875.jpg
364,167940.jpg
365,167941.jpg
366,167942.jpg
367,167943.jpg
368,168202.jpg
369,168240.jpg
370,169254.jpg
371,16929.jpg
372,16989.jpg
373,17002.jpg
374,170789.jpg
375,170790.jpg
376,170791.jpg
377,170792.jpg
378,170793.jpg
379,170794.jpg
380,170795.jpg
381,170796.jpg
382,170797.jpg
383,170798.jpg
384,170964.jpg
385,17182.jpg
386,172091.jpg
387,172092.jpg
388,172093.jpg
389,172094.jpg
390,172095.jpg
391,172096.jpg
392,172097.jpg
393,172098.jpg
394,172099.jpg
395,172100.jpg
396,17272.jpg
397,174864.jpg
398,174865.jpg
399,174866.jpg
400,174867.jpg
401,174868.jpg
402,174869.jpg
403,174904.jpg
404,175480.jpg
405,175481.jpg
406,175857.jpg
407,176405.jpg
408,176406.jpg
409,176407.jpg
410,176602.jpg
411,176603.jpg
412,176604.jpg
413,177032.jpg
414,177033.jpg
415,177034.jpg
416,177035.jpg
417,177199.jpg
418,177580.jpg
419,177587.jpg
420,178162.jpg
421,178207.jpg
422,179101.jpg
423,179104.jpg
424,179105.jpg
425,179141.jpg
426,179471.jpg
427,179472.jpg
428,179916.jpg
429,179917.jpg
430,180096.jpg
431,180097.jpg
432,180982.jpg
433,180988.jpg
434,181282.jpg
435,181283.jpg
436,181284.jpg
437,18172.jpg
438,182375.jpg
439,182376.jpg
440,182379.jpg
441,182476.jpg
442,182477.jpg
443,182478.jpg
444,182479.jpg
445,182480.jpg
446,182481.jpg
447,182482.jpg
448,183909.jpg
449,183914.jpg
450,183918.jpg
451,183919.jpg
452,183924.jpg
453,183925.jpg
454,183929.jpg
455,185399.jpg
456,185689.jpg
457,185690.jpg
458,185691.jpg
459,185692.jpg
460,185693.jpg
461,185694.jpg
462,185695.jpg
463,185696.jpg
464,185697.jpg
465,185983.jpg
466,186067.jpg
467,186113.jpg
468,186636.jpg
469,186637.jpg
470,186643.jpg
471,187964.jpg
472,187965.jpg
473,187966.jpg
474,187967.jpg
475,187968.jpg
476,188011.jpg
477,188044.jpg
478,188046.jpg
479,188047.jpg
480,188048.jpg
481,188177.jpg
482,188178.jpg
483,188179.jpg
484,188180.jpg
485,188458.jpg
486,188459.jpg
487,188460.jpg
488,190699.jpg
489,192486.jpg
490,193430.jpg
491,193463.jpg
492,193601.jpg
493,193602.jpg
494,193961.jpg
495,19424.jpg
496,19425.jpg
497,195299.jpg
498,195300.jpg
499,195605.jpg
500,195606.jpg
501,195609.jpg
502,195610.jpg
503,195990.jpg
504,19625.jpg
505,196756.jpg
506,196757.jpg
507,196758.jpg
508,196759.jpg
509,196760.jpg
510,196775.jpg
511,196997.jpg
512,196998.jpg
513,197553.jpg
514,197554.jpg
515,197555.jpg
516,197556.jpg
517,197865.jpg
518,197866.jpg
519,198182.jpg
520,198216.jpg
521,198584.jpg
522,198585.jpg
523,198586.jpg
524,198587.jpg
525,198588.jpg
526,198589.jpg
527,198590.jpg
528,198591.jpg
529,198594.jpg
530,198597.jpg
531,198598.jpg
532,199882.jpg
533,199883.jpg
534,199884.jpg
535,200000.jpg
536,200001.jpg
537,200498.jpg
538,200973.jpg
539,200974.jpg
540,200975.jpg
541,200976.jpg
542,200977.jpg
543,200978.jpg
544,201000.jpg
545,201001.jpg
546,201092.jpg
547,201093.jpg
548,201094.jpg
549,201327.jpg
550,201462.jpg
551,201463.jpg
552,20158.jpg
553,20159.jpg
554,20160.jpg
555,20175.jpg
556,20312.jpg
557,20313.jpg
558,20315.jpg
559,20317.jpg
560,20392.jpg
561,20393.jpg
562,204213.jpg
563,204214.jpg
564,204605.jpg
565,20519.jpg
566,20566.jpg
567,205691.jpg
568,205692.jpg
569,205693.jpg
570,205694.jpg
571,205695.jpg
572,205696.jpg
573,205948.jpg
574,205949.jpg
575,205950.jpg
576,206855.jpg
577,206868.jpg
578,206869.jpg
579,206870.jpg
580,206871.jpg
581,206872.jpg
582,206873.jpg
583,206874.jpg
584,206875.jpg
585,206876.jpg
586,206905.jpg
587,206906.jpg
588,206907.jpg
589,207444.jpg
590,207445.jpg
591,207446.jpg
592,207447.jpg
593,207448.jpg
594,207449.jpg
595,207450.jpg
596,207451.jpg
597,207452.jpg
598,207453.jpg
599,207454.jpg
600,207455.jpg
601,207456.jpg
602,207457.jpg
603,207458.jpg
604,207459.jpg
605,20783.jpg
606,208030.jpg
607,208031.jpg
608,208032.jpg
609,208134.jpg
610,208135.jpg
611,208137.jpg
612,208296.jpg
613,208297.jpg
614,208298.jpg
615,208299.jpg
616,208300.jpg
617,208301.jpg
618,208747.jpg
619,208748.jpg
620,208749.jpg
621,208750.jpg
622,208751.jpg
623,208752.jpg
624,208753.jpg
625,208754.jpg
626,208755.jpg
627,208756.jpg
628,208757.jpg
629,208758.jpg
630,208759.jpg
631,208760.jpg
632,208761.jpg
633,208762.jpg
634,208763.jpg
635,208764.jpg
636,208765.jpg
637,208766.jpg
638,209289.jpg
639,210501.jpg
640,210508.jpg
641,210509.jpg
642,210510.jpg
643,210511.jpg
644,210512.jpg
645,210513.jpg
646,210514.jpg
647,210515.jpg
648,210516.jpg
649,210589.jpg
650,210590.jpg
651,210591.jpg
652,210592.jpg
653,21060.jpg
654,210656.jpg
655,210774.jpg
656,210778.jpg
657,210849.jpg
658,210850.jpg
659,210851.jpg
660,210852.jpg
661,211862.jpg
662,211863.jpg
663,212278.jpg
664,212279.jpg
665,212280.jpg
666,213457.jpg
667,213458.jpg
668,213623.jpg
669,213624.jpg
670,213798.jpg
671,213799.jpg
672,213941.jpg
673,213946.jpg
674,214016.jpg
675,214446.jpg
676,21452.jpg
677,21453.jpg
678,21454.jpg
679,21455.jpg
680,214684.jpg
681,215915.jpg
682,216004.jpg
683,216204.jpg
684,216205.jpg
685,216206.jpg
686,216207.jpg
687,216208.jpg
688,216209.jpg
689,216210.jpg
690,216211.jpg
691,216212.jpg
692,216213.jpg
693,2165.jpg
694,216923.jpg
695,216924.jpg
696,216925.jpg
697,216926.jpg
698,216927.jpg
699,216928.jpg
700,216929.jpg
701,216930.jpg
702,216931.jpg
703,217043.jpg
704,217044.jpg
705,218073.jpg
706,218074.jpg
707,218075.jpg
708,218076.jpg
709,218321.jpg
710,218322.jpg
711,218370.jpg
712,218724.jpg
713,218725.jpg
714,218726.jpg
715,218727.jpg
716,218728.jpg
717,218729.jpg
718,218730.jpg
719,218731.jpg
720,218732.jpg
721,218733.jpg
722,218734.jpg
723,218735.jpg
724,218800.jpg
725,218801.jpg
726,218897.jpg
727,218898.jpg
728,218903.jpg
729,218904.jpg
730,218905.jpg
731,218906.jpg
732,218948.jpg
733,218949.jpg
734,218950.jpg
735,219348.jpg
736,219349.jpg
737,219374.jpg
738,219375.jpg
739,219376.jpg
740,219377.jpg
741,219378.jpg
742,219379.jpg
743,220142.jpg
744,220143.jpg
745,220144.jpg
746,220145.jpg
747,220436.jpg
748,220437.jpg
749,220438.jpg
750,220439.jpg
751,221218.jpg
752,221219.jpg
753,221220.jpg
754,221221.jpg
755,221222.jpg
756,221223.jpg
757,221224.jpg
758,221225.jpg
759,221226.jpg
760,221227.jpg
761,221228.jpg
762,221229.jpg
763,221230.jpg
764,221231.jpg
765,221232.jpg
766,221233.jpg
767,221234.jpg
768,221235.jpg
769,221236.jpg
770,221237.jpg
771,221238.jpg
772,221239.jpg
773,221240.jpg
774,221241.jpg
775,221270.jpg
776,221271.jpg
777,221272.jpg
778,221388.jpg
779,222186.jpg
780,222355.jpg
781,222356.jpg
782,222712.jpg
783,222752.jpg
784,22284.jpg
785,22305.jpg
786,22306.jpg
787,223105.jpg
788,223106.jpg
789,223107.jpg
790,223108.jpg
791,223109.jpg
792,223110.jpg
793,223111.jpg
794,223112.jpg
795,223113.jpg
796,223114.jpg
797,223115.jpg
798,223116.jpg
799,223117.jpg
800,223118.jpg
801,223119.jpg
802,223120.jpg
803,223121.jpg
804,223122.jpg
805,223166.jpg
806,224328.jpg
807,224417.jpg
808,224424.jpg
809,224425.jpg
810,224426.jpg
811,224427.jpg
812,224428.jpg
813,224429.jpg
814,224430.jpg
815,224431.jpg
816,224432.jpg
817,224433.jpg
818,224434.jpg
819,224435.jpg
820,224436.jpg
821,224437.jpg
822,224438.jpg
823,226343.jpg
824,226347.jpg
825,226348.jpg
826,226349.jpg
827,226604.jpg
828,226608.jpg
829,226729.jpg
830,226730.jpg
831,226731.jpg
832,226732.jpg
833,226733.jpg
834,226734.jpg
835,226735.jpg
836,226836.jpg
837,226837.jpg
838,226838.jpg
839,226839.jpg
840,226840.jpg
841,226841.jpg
842,227098.jpg
843,227330.jpg
844,227331.jpg
845,227332.jpg
846,228815.jpg
847,228817.jpg
848,228826.jpg
849,228827.jpg
850,22889.jpg
851,22897.jpg
852,229497.jpg
853,229509.jpg
854,229518.jpg
855,229657.jpg
856,229658.jpg
857,229659.jpg
858,229660.jpg
859,229661.jpg
860,229662.jpg
861,229737.jpg
862,230044.jpg
863,230045.jpg
864,230056.jpg
865,23018.jpg
866,230212.jpg
867,230220.jpg
868,230221.jpg
869,230713.jpg
870,230719.jpg
871,230720.jpg
872,230721.jpg
873,230722.jpg
874,230723.jpg
875,230754.jpg
876,230755.jpg
877,230758.jpg
878,230759.jpg
879,231241.jpg
880,231242.jpg
881,231243.jpg
882,231254.jpg
883,231255.jpg
884,231256.jpg
885,231263.jpg
886,231264.jpg
887,231265.jpg
888,231266.jpg
889,231267.jpg
890,231268.jpg
891,231269.jpg
892,231270.jpg
893,231327.jpg
894,231328.jpg
895,231329.jpg
896,231330.jpg
897,231374.jpg
898,231375.jpg
899,231376.jpg
900,231378.jpg
901,231379.jpg
902,231380.jpg
903,231415.jpg
904,231416.jpg
905,231417.jpg
906,231418.jpg
907,231419.jpg
908,231420.jpg
909,231525.jpg
910,231530.jpg
911,23155.jpg
912,23156.jpg
913,231599.jpg
914,23208.jpg
915,232160.jpg
916,232171.jpg
917,232172.jpg
918,232183.jpg
919,232184.jpg
920,232566.jpg
921,232567.jpg
922,232568.jpg
923,232569.jpg
924,232570.jpg
925,232571.jpg
926,232572.jpg
927,232573.jpg
928,232574.jpg
929,232575.jpg
930,232576.jpg
931,232577.jpg
932,232578.jpg
933,232579.jpg
934,232580.jpg
935,232581.jpg
936,232582.jpg
937,232583.jpg
938,232584.jpg
939,232725.jpg
940,233385.jpg
941,233386.jpg
942,233387.jpg
943,233388.jpg
944,233389.jpg
945,233390.jpg
946,233391.jpg
947,233392.jpg
948,233393.jpg
949,233394.jpg
950,233395.jpg
951,233396.jpg
952,233397.jpg
953,233467.jpg
954,233586.jpg
955,233643.jpg
956,233644.jpg
957,233645.jpg
958,233646.jpg
959,233647.jpg
960,233648.jpg
961,233649.jpg
962,233650.jpg
963,233651.jpg
964,233652.jpg
965,233653.jpg
966,233654.jpg
967,233655.jpg
968,233704.jpg
969,233705.jpg
970,233706.jpg
971,233707.jpg
972,233708.jpg
973,233709.jpg
974,233710.jpg
975,233711.jpg
976,233712.jpg
977,233713.jpg
978,233714.jpg
979,233715.jpg
980,233716.jpg
981,233717.jpg
982,233854.jpg
983,233855.jpg
984,233856.jpg
985,233857.jpg
986,233858.jpg
987,233899.jpg
988,233993.jpg
989,234.jpg
990,234010.jpg
991,234341.jpg
992,234387.jpg
993,234388.jpg
994,234389.jpg
995,234390.jpg
996,234391.jpg
997,234392.jpg
998,234393.jpg
999,234394.jpg
1000,234395.jpg
1001,234396.jpg
1002,234397.jpg
1003,234398.jpg
1004,234399.jpg
1005,234400.jpg
1006,234401.jpg
1007,234402.jpg
1008,234403.jpg
1009,234404.jpg
1010,234405.jpg
1011,234406.jpg
1012,234407.jpg
1013,234408.jpg
1014,234417.jpg
1015,234418.jpg
1016,234419.jpg
1017,234420.jpg
1018,234421.jpg
1019,234422.jpg
1020,234423.jpg
1021,234488.jpg
1022,234564.jpg
1023,234583.jpg
1024,234584.jpg
1025,234585.jpg
1026,234617.jpg
1027,234618.jpg
1028,234803.jpg
1029,234804.jpg
1030,234805.jpg
1031,234806.jpg
1032,234807.jpg
1033,234882.jpg
1034,234883.jpg
1035,234884.jpg
1036,234885.jpg
1037,234886.jpg
1038,234887.jpg
1039,234888.jpg
1040,234889.jpg
1041,234890.jpg
1042,234891.jpg
1043,234892.jpg
1044,234893.jpg
1045,234894.jpg
1046,234914.jpg
1047,234915.jpg
1048,234916.jpg
1049,234917.jpg
1050,234918.jpg
1051,234919.jpg
1052,234920.jpg
1053,234921.jpg
1054,234922.jpg
1055,234923.jpg
1056,234924.jpg
1057,234925.jpg
1058,234939.jpg
1059,234940.jpg
1060,234941.jpg
1061,234942.jpg
1062,234943.jpg
1063,234944.jpg
1064,234945.jpg
1065,234946.jpg
1066,234947.jpg
1067,234948.jpg
1068,234949.jpg
1069,234950.jpg
1070,234951.jpg
1071,234952.jpg
1072,235032.jpg
1073,235153.jpg
1074,235176.jpg
1075,235177.jpg
1076,235178.jpg
1077,235320.jpg
1078,235363.jpg
1079,235364.jpg
1080,236073.jpg
1081,236186.jpg
1082,236187.jpg
1083,236188.jpg
1084,236384.jpg
1085,236472.jpg
1086,236473.jpg
1087,236474.jpg
1088,236510.jpg
1089,236511.jpg
1090,236573.jpg
1091,236574.jpg
1092,236721.jpg
1093,236722.jpg
1094,236723.jpg
1095,236818.jpg
1096,236819.jpg
1097,236820.jpg
1098,237121.jpg
1099,237123.jpg
1100,237682.jpg
1101,237683.jpg
1102,237684.jpg
1103,238476.jpg
1104,238477.jpg
1105,238478.jpg
1106,238485.jpg
1107,238515.jpg
1108,238521.jpg
1109,238522.jpg
1110,238523.jpg
1111,238524.jpg
1112,238551.jpg
1113,238552.jpg
1114,238564.jpg
1115,238565.jpg
1116,238616.jpg
1117,238617.jpg
1118,238618.jpg
1119,238642.jpg
1120,238643.jpg
1121,238644.jpg
1122,238645.jpg
1123,238711.jpg
1124,238712.jpg
1125,238713.jpg
1126,238714.jpg
1127,239322.jpg
1128,239323.jpg
1129,239333.jpg
1130,239334.jpg
1131,23991.jpg
1132,240017.jpg
1133,240018.jpg
1134,240019.jpg
1135,240028.jpg
1136,240029.jpg
1137,240030.jpg
1138,240031.jpg
1139,240069.jpg
1140,240573.jpg
1141,240583.jpg
1142,240584.jpg
1143,240585.jpg
1144,240604.jpg
1145,240605.jpg
1146,240868.jpg
1147,240869.jpg
1148,240870.jpg
1149,240960.jpg
1150,241476.jpg
1151,241477.jpg
1152,241490.jpg
1153,241491.jpg
1154,241492.jpg
1155,241493.jpg
1156,241494.jpg
1157,241495.jpg
1158,241496.jpg
1159,241497.jpg
1160,241498.jpg
1161,241499.jpg
1162,241500.jpg
1163,241501.jpg
1164,241502.jpg
1165,241503.jpg
1166,241504.jpg
1167,241505.jpg
1168,241506.jpg
1169,241507.jpg
1170,241508.jpg
1171,241509.jpg
1172,241510.jpg
1173,241511.jpg
1174,241512.jpg
1175,241513.jpg
1176,241514.jpg
1177,241515.jpg
1178,241516.jpg
1179,241517.jpg
1180,241688.jpg
1181,241689.jpg
1182,241690.jpg
1183,241691.jpg
1184,241692.jpg
1185,241693.jpg
1186,241694.jpg
1187,241695.jpg
1188,241696.jpg
1189,241697.jpg
1190,241698.jpg
1191,241699.jpg
1192,241700.jpg
1193,241701.jpg
1194,241702.jpg
1195,241703.jpg
1196,241757.jpg
1197,241773.jpg
1198,241774.jpg
1199,241775.jpg
1200,242054.jpg
1201,242055.jpg
1202,242056.jpg
1203,242057.jpg
1204,242069.jpg
1205,242070.jpg
1206,242071.jpg
1207,242072.jpg
1208,242083.jpg
1209,242084.jpg
1210,242085.jpg
1211,242086.jpg
1212,242087.jpg
1213,243315.jpg
1214,243316.jpg
1215,243317.jpg
1216,243318.jpg
1217,243319.jpg
1218,243320.jpg
1219,243321.jpg
1220,243322.jpg
1221,243323.jpg
1222,243324.jpg
1223,243325.jpg
1224,243326.jpg
1225,243515.jpg
1226,244055.jpg
1227,244250.jpg
1228,244254.jpg
1229,244255.jpg
1230,244256.jpg
1231,244478.jpg
1232,244479.jpg
1233,244569.jpg
1234,244723.jpg
1235,244724.jpg
1236,244857.jpg
1237,244871.jpg
1238,244872.jpg
1239,244873.jpg
1240,245013.jpg
1241,245014.jpg
1242,245059.jpg
1243,245060.jpg
1244,245061.jpg
1245,245305.jpg
1246,245326.jpg
1247,245449.jpg
1248,245450.jpg
1249,245451.jpg
1250,245452.jpg
1251,245453.jpg
1252,245454.jpg
1253,245455.jpg
1254,245456.jpg
1255,245457.jpg
1256,245458.jpg
1257,245459.jpg
1258,245460.jpg
1259,245490.jpg
1260,245491.jpg
1261,245761.jpg
1262,245762.jpg
1263,245763.jpg
1264,245865.jpg
1265,245866.jpg
1266,245867.jpg
1267,246070.jpg
1268,246071.jpg
1269,246680.jpg
1270,247213.jpg
1271,247214.jpg
1272,247215.jpg
1273,247235.jpg
1274,247578.jpg
1275,247616.jpg
1276,247617.jpg
1277,247618.jpg
1278,247619.jpg
1279,247621.jpg
1280,24776.jpg
1281,247841.jpg
1282,247844.jpg
1283,247845.jpg
1284,247846.jpg
1285,247847.jpg
1286,247848.jpg
1287,247849.jpg
1288,247850.jpg
1289,247851.jpg
1290,247852.jpg
1291,247853.jpg
1292,247854.jpg
1293,247855.jpg
1294,247856.jpg
1295,247857.jpg
1296,247952.jpg
1297,248470.jpg
1298,248471.jpg
1299,248684.jpg
1300,248687.jpg
1301,248688.jpg
1302,248689.jpg
1303,248867.jpg
1304,248868.jpg
1305,248871.jpg
1306,248872.jpg
1307,249354.jpg
1308,249362.jpg
1309,249702.jpg
1310,249703.jpg
1311,249783.jpg
1312,249836.jpg
1313,250047.jpg
1314,250368.jpg
1315,250895.jpg
1316,251024.jpg
1317,251210.jpg
1318,251212.jpg
1319,251214.jpg
1320,251219.jpg
1321,251223.jpg
1322,251241.jpg
1323,251245.jpg
1324,251249.jpg
1325,251640.jpg
1326,252399.jpg
1327,252406.jpg
1328,252556.jpg
1329,252657.jpg
1330,252658.jpg
1331,252659.jpg
1332,252660.jpg
1333,252876.jpg
1334,252914.jpg
1335,252956.jpg
1336,252957.jpg
1337,252958.jpg
1338,252988.jpg
1339,253457.jpg
1340,255078.jpg
1341,255079.jpg
1342,255164.jpg
1343,255550.jpg
1344,255940.jpg
1345,255941.jpg
1346,256679.jpg
1347,256680.jpg
1348,256779.jpg
1349,257186.jpg
1350,257352.jpg
1351,257390.jpg
1352,258011.jpg
1353,258043.jpg
1354,258332.jpg
1355,258429.jpg
1356,258430.jpg
1357,258645.jpg
1358,258646.jpg
1359,258647.jpg
1360,258710.jpg
1361,258711.jpg
1362,258712.jpg
1363,258939.jpg
1364,258940.jpg
1365,258941.jpg
1366,258960.jpg
1367,259016.jpg
1368,259026.jpg
1369,259027.jpg
1370,259028.jpg
1371,259846.jpg
1372,259847.jpg
1373,260072.jpg
1374,260670.jpg
1375,260732.jpg
1376,260990.jpg
1377,261311.jpg
1378,261372.jpg
1379,261373.jpg
1380,261498.jpg
1381,261537.jpg
1382,261538.jpg
1383,261880.jpg
1384,261883.jpg
1385,263138.jpg
1386,263180.jpg
1387,263181.jpg
1388,263339.jpg
1389,263344.jpg
1390,263365.jpg
1391,263367.jpg
1392,264163.jpg
1393,26436.jpg
1394,264530.jpg
1395,264562.jpg
1396,264855.jpg
1397,264961.jpg
1398,265053.jpg
1399,265054.jpg
1400,265162.jpg
1401,265567.jpg
1402,265568.jpg
1403,265569.jpg
1404,265782.jpg
1405,265783.jpg
1406,265784.jpg
1407,266040.jpg
1408,266041.jpg
1409,266042.jpg
1410,266047.jpg
1411,266347.jpg
1412,266551.jpg
1413,266552.jpg
1414,266553.jpg
1415,266554.jpg
1416,266555.jpg
1417,266556.jpg
1418,266557.jpg
1419,267243.jpg
1420,267408.jpg
1421,267770.jpg
1422,267771.jpg
1423,268212.jpg
1424,268361.jpg
1425,268520.jpg
1426,268744.jpg
1427,268745.jpg
1428,269329.jpg
1429,271097.jpg
1430,271098.jpg
1431,271231.jpg
1432,27135.jpg
1433,27140.jpg
1434,271559.jpg
1435,271560.jpg
1436,271686.jpg
1437,271714.jpg
1438,271910.jpg
1439,271911.jpg
1440,271912.jpg
1441,272349.jpg
1442,272418.jpg
1443,272988.jpg
1444,273217.jpg
1445,273329.jpg
1446,273354.jpg
1447,273397.jpg
1448,273636.jpg
1449,273749.jpg
1450,274332.jpg
1451,27449.jpg
1452,275162.jpg
1453,275163.jpg
1454,275250.jpg
1455,275273.jpg
1456,275283.jpg
1457,276014.jpg
1458,276331.jpg
1459,276332.jpg
1460,276333.jpg
1461,276453.jpg
1462,276623.jpg
1463,277106.jpg
1464,277107.jpg
1465,277121.jpg
1466,278036.jpg
1467,278037.jpg
1468,280904.jpg
1469,280905.jpg
1470,280906.jpg
1471,280907.jpg
1472,280908.jpg
1473,281209.jpg
1474,281256.jpg
1475,281257.jpg
1476,281483.jpg
1477,281484.jpg
1478,283126.jpg
1479,283127.jpg
1480,283492.jpg
1481,283848.jpg
1482,283921.jpg
1483,283955.jpg
1484,284651.jpg
1485,284775.jpg
1486,284776.jpg
1487,284777.jpg
1488,285071.jpg
1489,285072.jpg
1490,287765.jpg
1491,287843.jpg
1492,287844.jpg
1493,287845.jpg
1494,287846.jpg
1495,287847.jpg
1496,287848.jpg
1497,287895.jpg
1498,288164.jpg
1499,288166.jpg
1500,288979.jpg
1501,288983.jpg
1502,288987.jpg
1503,289478.jpg
1504,289490.jpg
1505,289640.jpg
1506,289641.jpg
1507,289642.jpg
1508,289643.jpg
1509,289644.jpg
1510,289645.jpg
1511,289646.jpg
1512,289647.jpg
1513,289726.jpg
1514,289734.jpg
1515,289735.jpg
1516,289736.jpg
1517,289778.jpg
1518,289858.jpg
1519,291251.jpg
1520,291252.jpg
1521,291253.jpg
1522,291254.jpg
1523,291255.jpg
1524,291256.jpg
1525,291257.jpg
1526,291258.jpg
1527,291259.jpg
1528,291264.jpg
1529,291265.jpg
1530,291266.jpg
1531,291267.jpg
1532,291268.jpg
1533,291269.jpg
1534,291270.jpg
1535,291271.jpg
1536,291360.jpg
1537,291857.jpg
1538,291858.jpg
1539,291878.jpg
1540,291879.jpg
1541,292179.jpg
1542,292194.jpg
1543,292385.jpg
1544,292389.jpg
1545,292390.jpg
1546,292391.jpg
1547,293146.jpg
1548,293147.jpg
1549,293148.jpg
1550,293149.jpg
1551,293150.jpg
1552,293151.jpg
1553,293711.jpg
1554,293713.jpg
1555,293836.jpg
1556,293880.jpg
1557,293881.jpg
1558,293882.jpg
1559,294245.jpg
1560,294735.jpg
1561,294738.jpg
1562,295049.jpg
1563,295289.jpg
1564,295320.jpg
1565,295321.jpg
1566,295322.jpg
1567,295323.jpg
1568,295645.jpg
1569,295646.jpg
1570,296145.jpg
1571,296146.jpg
1572,296160.jpg
1573,296161.jpg
1574,296163.jpg
1575,296164.jpg
1576,296165.jpg
1577,296175.jpg
1578,296176.jpg
1579,296177.jpg
1580,296178.jpg
1581,296179.jpg
1582,297021.jpg
1583,297022.jpg
1584,297023.jpg
1585,297269.jpg
1586,297270.jpg
1587,298467.jpg
1588,298469.jpg
1589,299065.jpg
1590,299342.jpg
1591,299354.jpg
1592,299355.jpg
1593,299952.jpg
1594,299953.jpg
1595,299959.jpg
1596,299960.jpg
1597,30079.jpg
1598,302526.jpg
1599,302527.jpg
1600,302659.jpg
1601,302660.jpg
1602,302661.jpg
1603,303380.jpg
1604,303562.jpg
1605,303563.jpg
1606,303564.jpg
1607,303565.jpg
1608,303566.jpg
1609,303567.jpg
1610,303580.jpg
1611,303581.jpg
1612,303582.jpg
1613,303583.jpg
1614,304577.jpg
1615,305528.jpg
1616,305973.jpg
1617,306328.jpg
1618,306637.jpg
1619,306643.jpg
1620,306644.jpg
1621,306650.jpg
1622,306651.jpg
1623,306652.jpg
1624,306653.jpg
1625,306659.jpg
1626,306660.jpg
1627,306661.jpg
1628,306662.jpg
1629,306663.jpg
1630,307361.jpg
1631,308086.jpg
1632,308087.jpg
1633,308157.jpg
1634,308158.jpg
1635,308159.jpg
1636,308583.jpg
1637,309161.jpg
1638,310468.jpg
1639,310469.jpg
1640,310470.jpg
1641,31177.jpg
1642,311778.jpg
1643,31178.jpg
1644,31179.jpg
1645,31180.jpg
1646,31181.jpg
1647,311811.jpg
1648,311812.jpg
1649,31182.jpg
1650,31183.jpg
1651,31184.jpg
1652,31185.jpg
1653,313061.jpg
1654,313062.jpg
1655,313108.jpg
1656,313109.jpg
1657,313110.jpg
1658,313111.jpg
1659,313771.jpg
1660,313772.jpg
1661,313773.jpg
1662,313774.jpg
1663,313775.jpg
1664,313776.jpg
1665,313777.jpg
1666,313778.jpg
1667,313805.jpg
1668,313806.jpg
1669,313807.jpg
1670,313819.jpg
1671,313820.jpg
1672,314159.jpg
1673,314160.jpg
1674,314161.jpg
1675,314562.jpg
1676,314563.jpg
1677,314564.jpg
1678,314565.jpg
1679,315238.jpg
1680,315239.jpg
1681,315242.jpg
1682,315243.jpg
1683,315267.jpg
1684,315268.jpg
1685,315277.jpg
1686,315283.jpg
1687,315284.jpg
1688,315287.jpg
1689,315288.jpg
1690,315291.jpg
1691,315292.jpg
1692,315328.jpg
1693,315329.jpg
1694,315330.jpg
1695,315938.jpg
1696,315940.jpg
1697,315941.jpg
1698,315942.jpg
1699,315943.jpg
1700,315944.jpg
1701,315945.jpg
1702,315946.jpg
1703,315947.jpg
1704,316295.jpg
1705,316296.jpg
1706,316297.jpg
1707,316353.jpg
1708,316354.jpg
1709,316355.jpg
1710,316356.jpg
1711,316357.jpg
1712,316358.jpg
1713,316373.jpg
1714,316439.jpg
1715,316440.jpg
1716,316441.jpg
1717,316442.jpg
1718,316443.jpg
1719,316444.jpg
1720,316445.jpg
1721,316446.jpg
1722,316447.jpg
1723,316448.jpg
1724,316449.jpg
1725,316457.jpg
1726,316458.jpg
1727,316459.jpg
1728,316460.jpg
1729,316461.jpg
1730,316462.jpg
1731,316463.jpg
1732,316474.jpg
1733,316476.jpg
1734,316477.jpg
1735,316478.jpg
1736,316479.jpg
1737,316480.jpg
1738,316481.jpg
1739,316482.jpg
1740,316483.jpg
1741,316484.jpg
1742,316485.jpg
1743,316486.jpg
1744,316487.jpg
1745,316488.jpg
1746,316489.jpg
1747,316490.jpg
1748,316491.jpg
1749,316492.jpg
1750,316493.jpg
1751,316494.jpg
1752,316495.jpg
1753,316496.jpg
1754,317087.jpg
1755,317088.jpg
1756,317091.jpg
1757,317092.jpg
1758,317093.jpg
1759,317096.jpg
1760,317101.jpg
1761,317102.jpg
1762,317103.jpg
1763,317104.jpg
1764,317105.jpg
1765,317106.jpg
1766,317107.jpg
1767,31730.jpg
1768,317738.jpg
1769,317963.jpg
1770,318734.jpg
1771,320523.jpg
1772,320524.jpg
1773,320525.jpg
1774,320526.jpg
1775,321123.jpg
1776,321124.jpg
1777,321125.jpg
1778,321126.jpg
1779,321127.jpg
1780,32159.jpg
1781,32160.jpg
1782,32161.jpg
1783,32164.jpg
1784,32174.jpg
1785,322022.jpg
1786,322027.jpg
1787,322850.jpg
1788,322851.jpg
1789,322852.jpg
1790,322853.jpg
1791,322854.jpg
1792,322855.jpg
1793,323667.jpg
1794,323868.jpg
1795,324366.jpg
1796,324536.jpg
1797,325139.jpg
1798,325222.jpg
1799,325223.jpg
1800,325224.jpg
1801,325225.jpg
1802,325226.jpg
1803,325227.jpg
1804,325228.jpg
1805,325230.jpg
1806,325231.jpg
1807,32561.jpg
1808,32562.jpg
1809,326179.jpg
1810,326186.jpg
1811,326187.jpg
1812,326188.jpg
1813,326222.jpg
1814,326223.jpg
1815,32660.jpg
1816,32661.jpg
1817,327211.jpg
1818,327252.jpg
1819,327404.jpg
1820,327716.jpg
1821,327748.jpg
1822,328307.jpg
1823,328499.jpg
1824,329096.jpg
1825,329097.jpg
1826,329519.jpg
1827,329520.jpg
1828,329521.jpg
1829,329522.jpg
1830,329523.jpg
1831,330085.jpg
1832,330086.jpg
1833,330087.jpg
1834,330088.jpg
1835,330089.jpg
1836,332425.jpg
1837,332455.jpg
1838,332456.jpg
1839,332457.jpg
1840,332458.jpg
1841,332459.jpg
1842,332460.jpg
1843,332461.jpg
1844,332462.jpg
1845,332487.jpg
1846,332489.jpg
1847,332490.jpg
1848,332491.jpg
1849,332492.jpg
1850,333548.jpg
1851,333549.jpg
1852,334487.jpg
1853,334742.jpg
1854,334743.jpg
1855,335195.jpg
1856,335635.jpg
1857,336616.jpg
1858,336810.jpg
1859,336827.jpg
1860,336828.jpg
1861,336842.jpg
1862,336843.jpg
1863,337165.jpg
1864,337804.jpg
1865,337805.jpg
1866,338008.jpg
1867,338020.jpg
1868,338021.jpg
1869,338933.jpg
1870,338941.jpg
1871,339121.jpg
1872,339547.jpg
1873,340708.jpg
1874,342069.jpg
1875,342070.jpg
1876,342071.jpg
1877,342072.jpg
1878,34212.jpg
1879,34213.jpg
1880,342660.jpg
1881,342769.jpg
1882,343962.jpg
1883,345554.jpg
1884,345555.jpg
1885,345556.jpg
1886,345557.jpg
1887,345849.jpg
1888,345861.jpg
1889,348049.jpg
1890,348633.jpg
1891,348664.jpg
1892,348753.jpg
1893,349069.jpg
1894,349592.jpg
1895,349598.jpg
1896,349611.jpg
1897,349614.jpg
1898,350116.jpg
1899,350120.jpg
1900,350121.jpg
1901,350134.jpg
1902,350136.jpg
1903,350450.jpg
1904,350646.jpg
1905,350647.jpg
1906,351462.jpg
1907,351463.jpg
1908,351804.jpg
1909,35314.jpg
1910,35315.jpg
1911,35316.jpg
1912,35317.jpg
1913,35318.jpg
1914,35319.jpg
1915,353587.jpg
1916,353787.jpg
1917,353954.jpg
1918,354289.jpg
1919,354292.jpg
1920,354295.jpg
1921,354296.jpg
1922,354297.jpg
1923,354301.jpg
1924,354340.jpg
1925,354341.jpg
1926,354342.jpg
1927,354343.jpg
1928,354344.jpg
1929,354345.jpg
1930,354346.jpg
1931,354347.jpg
1932,354348.jpg
1933,354349.jpg
1934,354350.jpg
1935,354351.jpg
1936,354352.jpg
1937,354353.jpg
1938,354354.jpg
1939,354355.jpg
1940,354356.jpg
1941,354359.jpg
1942,354360.jpg
1943,354361.jpg
1944,354433.jpg
1945,354434.jpg
1946,354435.jpg
1947,354436.jpg
1948,354437.jpg
1949,354438.jpg
1950,354439.jpg
1951,354440.jpg
1952,354457.jpg
1953,35492.jpg
1954,354924.jpg
1955,354925.jpg
1956,35493.jpg
1957,354981.jpg
1958,354982.jpg
1959,354983.jpg
1960,354984.jpg
1961,356761.jpg
1962,356968.jpg
1963,356989.jpg
1964,356999.jpg
1965,358464.jpg
1966,358568.jpg
1967,358783.jpg
1968,359297.jpg
1969,359649.jpg
1970,359656.jpg
1971,359659.jpg
1972,361810.jpg
1973,361862.jpg
1974,361863.jpg
1975,361928.jpg
1976,362091.jpg
1977,362092.jpg
1978,362093.jpg
1979,362094.jpg
1980,362095.jpg
1981,362096.jpg
1982,362097.jpg
1983,362098.jpg
1984,362099.jpg
1985,362365.jpg
1986,362366.jpg
1987,362367.jpg
1988,362370.jpg
1989,362371.jpg
1990,362372.jpg
1991,362373.jpg
1992,362378.jpg
1993,362379.jpg
1994,362380.jpg
1995,363459.jpg
1996,363581.jpg
1997,363735.jpg
1998,363773.jpg
1999,363774.jpg
2000,363775.jpg
2001,363776.jpg
2002,363961.jpg
2003,365196.jpg
2004,365202.jpg
2005,365214.jpg
2006,365218.jpg
2007,365675.jpg
2008,365676.jpg
2009,366524.jpg
2010,366525.jpg
2011,36751.jpg
2012,367644.jpg
2013,367658.jpg
2014,368572.jpg
2015,368573.jpg
2016,368691.jpg
2017,36909.jpg
2018,36910.jpg
2019,36911.jpg
2020,36922.jpg
2021,36923.jpg
2022,369231.jpg
2023,369239.jpg
2024,36928.jpg
2025,36929.jpg
2026,36930.jpg
2027,36931.jpg
2028,369319.jpg
2029,3697.jpg
2030,370286.jpg
2031,370289.jpg
2032,370382.jpg
2033,370383.jpg
2034,370384.jpg
2035,370660.jpg
2036,370790.jpg
2037,370791.jpg
2038,370792.jpg
2039,370941.jpg
2040,370953.jpg
2041,370966.jpg
2042,371036.jpg
2043,371232.jpg
2044,371233.jpg
2045,371279.jpg
2046,371280.jpg
2047,37230.jpg
2048,37231.jpg
2049,373152.jpg
2050,374043.jpg
2051,374144.jpg
2052,374265.jpg
2053,374999.jpg
2054,375077.jpg
2055,375095.jpg
2056,375098.jpg
2057,375099.jpg
2058,375100.jpg
2059,375101.jpg
2060,375103.jpg
2061,375176.jpg
2062,375177.jpg
2063,37527.jpg
2064,37528.jpg
2065,37529.jpg
2066,37530.jpg
2067,37531.jpg
2068,37532.jpg
2069,37533.jpg
2070,37536.jpg
2071,376617.jpg
2072,377190.jpg
2073,377679.jpg
2074,377833.jpg
2075,377834.jpg
2076,377835.jpg
2077,379213.jpg
2078,38009.jpg
2079,38054.jpg
2080,38070.jpg
2081,380703.jpg
2082,380704.jpg
2083,38071.jpg
2084,38072.jpg
2085,38073.jpg
2086,38074.jpg
2087,38075.jpg
2088,380822.jpg
2089,380867.jpg
2090,380884.jpg
2091,381577.jpg
2092,381578.jpg
2093,381629.jpg
2094,381630.jpg
2095,381631.jpg
2096,381698.jpg
2097,381710.jpg
2098,38211.jpg
2099,38212.jpg
2100,38213.jpg
2101,38214.jpg
2102,38215.jpg
2103,38216.jpg
2104,382777.jpg
2105,382778.jpg
2106,382779.jpg
2107,382780.jpg
2108,382781.jpg
2109,383218.jpg
2110,383219.jpg
2111,383220.jpg
2112,383221.jpg
2113,383223.jpg
2114,383224.jpg
2115,383225.jpg
2116,383226.jpg
2117,383227.jpg
2118,383236.jpg
2119,383237.jpg
2120,383238.jpg
2121,383239.jpg
2122,383240.jpg
2123,383241.jpg
2124,383242.jpg
2125,383243.jpg
2126,383244.jpg
2127,383245.jpg
2128,383246.jpg
2129,383247.jpg
2130,383248.jpg
2131,383249.jpg
2132,383250.jpg
2133,383994.jpg
2134,383995.jpg
2135,383996.jpg
2136,383997.jpg
2137,383998.jpg
2138,383999.jpg
2139,384000.jpg
2140,384001.jpg
2141,384002.jpg
2142,384264.jpg
2143,384265.jpg
2144,384274.jpg
2145,384538.jpg
2146,384953.jpg
2147,385293.jpg
2148,385951.jpg
2149,385952.jpg
2150,385953.jpg
2151,385954.jpg
2152,385955.jpg
2153,385956.jpg
2154,386258.jpg
2155,387342.jpg
2156,387346.jpg
2157,388694.jpg
2158,388695.jpg
2159,389187.jpg
2160,389188.jpg
2161,389189.jpg
2162,389190.jpg
2163,38944.jpg
2164,38945.jpg
2165,389568.jpg
2166,38974.jpg
2167,38975.jpg
2168,390030.jpg
2169,390031.jpg
2170,390038.jpg
2171,390039.jpg
2172,390244.jpg
2173,390339.jpg
2174,390560.jpg
2175,390570.jpg
2176,392439.jpg
2177,392440.jpg
2178,39290.jpg
2179,39291.jpg
2180,393369.jpg
2181,393370.jpg
2182,394232.jpg
2183,394233.jpg
2184,394258.jpg
2185,394563.jpg
2186,394564.jpg
2187,394565.jpg
2188,394566.jpg
2189,394567.jpg
2190,394568.jpg
2191,394569.jpg
2192,394570.jpg
2193,395059.jpg
2194,395060.jpg
2195,395646.jpg
2196,395647.jpg
2197,395648.jpg
2198,395649.jpg
2199,395650.jpg
2200,396380.jpg
2201,396381.jpg
2202,396382.jpg
2203,396383.jpg
2204,397348.jpg
2205,3980.jpg
2206,398931.jpg
2207,398932.jpg
2208,398933.jpg
2209,398934.jpg
2210,398940.jpg
2211,398941.jpg
2212,398942.jpg
2213,399722.jpg
2214,399826.jpg
2215,400898.jpg
2216,400902.jpg
2217,400907.jpg
2218,400914.jpg
2219,400919.jpg
2220,401789.jpg
2221,401790.jpg
2222,401791.jpg
2223,401792.jpg
2224,401793.jpg
2225,401794.jpg
2226,401795.jpg
2227,401796.jpg
2228,401797.jpg
2229,401798.jpg
2230,401799.jpg
2231,401800.jpg
2232,401801.jpg
2233,401802.jpg
2234,401803.jpg
2235,401804.jpg
2236,401805.jpg
2237,404579.jpg
2238,405213.jpg
2239,405214.jpg
2240,405215.jpg
2241,405216.jpg
2242,405835.jpg
2243,405836.jpg
2244,407257.jpg
2245,407826.jpg
2246,407872.jpg
2247,407873.jpg
2248,407874.jpg
2249,407875.jpg
2250,407876.jpg
2251,408116.jpg
2252,408117.jpg
2253,408118.jpg
2254,408119.jpg
2255,408120.jpg
2256,408121.jpg
2257,408122.jpg
2258,408123.jpg
2259,408124.jpg
2260,408125.jpg
2261,408126.jpg
2262,408127.jpg
2263,408403.jpg
2264,408404.jpg
2265,408405.jpg
2266,408406.jpg
2267,408407.jpg
2268,408469.jpg
2269,408470.jpg
2270,408471.jpg
2271,408472.jpg
2272,408473.jpg
2273,408474.jpg
2274,408513.jpg
2275,408514.jpg
2276,408529.jpg
2277,408530.jpg
2278,408535.jpg
2279,408536.jpg
2280,408537.jpg
2281,408538.jpg
2282,408539.jpg
2283,408540.jpg
2284,408541.jpg
2285,408542.jpg
2286,408543.jpg
2287,408544.jpg
2288,408599.jpg
2289,408620.jpg
2290,408712.jpg
2291,408713.jpg
2292,408714.jpg
2293,408911.jpg
2294,408912.jpg
2295,408913.jpg
2296,408914.jpg
2297,409323.jpg
2298,410537.jpg
2299,410538.jpg
2300,410539.jpg
2301,410540.jpg
2302,410541.jpg
2303,410542.jpg
2304,410543.jpg
2305,410544.jpg
2306,410545.jpg
2307,410546.jpg
2308,410547.jpg
2309,410548.jpg
2310,410549.jpg
2311,410550.jpg
2312,410551.jpg
2313,410552.jpg
2314,410733.jpg
2315,410736.jpg
2316,410737.jpg
2317,410738.jpg
2318,410800.jpg
2319,410823.jpg
2320,410824.jpg
2321,41088.jpg
2322,41090.jpg
2323,41092.jpg
2324,41093.jpg
2325,412965.jpg
2326,412970.jpg
2327,413028.jpg
2328,413029.jpg
2329,413030.jpg
2330,413411.jpg
2331,413413.jpg
2332,413414.jpg
2333,414077.jpg
2334,414078.jpg
2335,414079.jpg
2336,414632.jpg
2337,414633.jpg
2338,414634.jpg
2339,414707.jpg
2340,414973.jpg
2341,415090.jpg
2342,415091.jpg
2343,415092.jpg
2344,415454.jpg
2345,415592.jpg
2346,415847.jpg
2347,415848.jpg
2348,415849.jpg
2349,415850.jpg
2350,416641.jpg
2351,416642.jpg
2352,418111.jpg
2353,418112.jpg
2354,418113.jpg
2355,418114.jpg
2356,418116.jpg
2357,418245.jpg
2358,418997.jpg
2359,419633.jpg
2360,419634.jpg
2361,421169.jpg
2362,421170.jpg
2363,422602.jpg
2364,422603.jpg
2365,422998.jpg
2366,424552.jpg
2367,426315.jpg
2368,426316.jpg
2369,426317.jpg
2370,426318.jpg
2371,426319.jpg
2372,426324.jpg
2373,426448.jpg
2374,426924.jpg
2375,426925.jpg
2376,427020.jpg
2377,427021.jpg
2378,427022.jpg
2379,427069.jpg
2380,428596.jpg
2381,428597.jpg
2382,42937.jpg
2383,42944.jpg
2384,429603.jpg
2385,429606.jpg
2386,429803.jpg
2387,429804.jpg
2388,429805.jpg
2389,429806.jpg
2390,429807.jpg
2391,430211.jpg
2392,430212.jpg
2393,431030.jpg
2394,431227.jpg
2395,431229.jpg
2396,431230.jpg
2397,431508.jpg
2398,431649.jpg
2399,431688.jpg
2400,43196.jpg
2401,43197.jpg
2402,43198.jpg
2403,432289.jpg
2404,432295.jpg
2405,432392.jpg
2406,432399.jpg
2407,432404.jpg
2408,432409.jpg
2409,433223.jpg
2410,433755.jpg
2411,433916.jpg
2412,433921.jpg
2413,433924.jpg
2414,434794.jpg
2415,434919.jpg
2416,434920.jpg
2417,435249.jpg
2418,435746.jpg
2419,435747.jpg
2420,435749.jpg
2421,436574.jpg
2422,436575.jpg
2423,436576.jpg
2424,437981.jpg
2425,438731.jpg
2426,438732.jpg
2427,440137.jpg
2428,440138.jpg
2429,440335.jpg
2430,440839.jpg
2431,440999.jpg
2432,441000.jpg
2433,442228.jpg
2434,443831.jpg
2435,443832.jpg
2436,443833.jpg
2437,443834.jpg
2438,443852.jpg
2439,443853.jpg
2440,443854.jpg
2441,443855.jpg
2442,443856.jpg
2443,443857.jpg
2444,445025.jpg
2445,445031.jpg
2446,445037.jpg
2447,445800.jpg
2448,446073.jpg
2449,446074.jpg
2450,446602.jpg
2451,446603.jpg
2452,446610.jpg
2453,447921.jpg
2454,447957.jpg
2455,447958.jpg
2456,447959.jpg
2457,448251.jpg
2458,448854.jpg
2459,448952.jpg
2460,449738.jpg
2461,449739.jpg
2462,449740.jpg
2463,450379.jpg
2464,450380.jpg
2465,450418.jpg
2466,451567.jpg
2467,451568.jpg
2468,451572.jpg
2469,451574.jpg
2470,451656.jpg
2471,452775.jpg
2472,452816.jpg
2473,452880.jpg
2474,452888.jpg
2475,452894.jpg
2476,453016.jpg
2477,453288.jpg
2478,453633.jpg
2479,454417.jpg
2480,454418.jpg
2481,454567.jpg
2482,454588.jpg
2483,454589.jpg
2484,454590.jpg
2485,455152.jpg
2486,455164.jpg
2487,455168.jpg
2488,456913.jpg
2489,457248.jpg
2490,458067.jpg
2491,45807.jpg
2492,45808.jpg
2493,458125.jpg
2494,458269.jpg
2495,458286.jpg
2496,459999.jpg
2497,460221.jpg
2498,460222.jpg
2499,460223.jpg
2500,460224.jpg
2501,460225.jpg
2502,460226.jpg
2503,460227.jpg
2504,460269.jpg
2505,460270.jpg
2506,460632.jpg
2507,460634.jpg
2508,460736.jpg
2509,460813.jpg
2510,460869.jpg
2511,46140.jpg
2512,461844.jpg
2513,462019.jpg
2514,462020.jpg
2515,462021.jpg
2516,462024.jpg
2517,462026.jpg
2518,462028.jpg
2519,462029.jpg
2520,462031.jpg
2521,462369.jpg
2522,46297.jpg
2523,46298.jpg
2524,46299.jpg
2525,46303.jpg
2526,464692.jpg
2527,465014.jpg
2528,465029.jpg
2529,465896.jpg
2530,465927.jpg
2531,465928.jpg
2532,465929.jpg
2533,467203.jpg
2534,468174.jpg
2535,468762.jpg
2536,46894.jpg
2537,46895.jpg
2538,46896.jpg
2539,469359.jpg
2540,46948.jpg
2541,470161.jpg
2542,470695.jpg
2543,471477.jpg
2544,471481.jpg
2545,471811.jpg
2546,471812.jpg
2547,471813.jpg
2548,471814.jpg
2549,472182.jpg
2550,472183.jpg
2551,472184.jpg
2552,472185.jpg
2553,472187.jpg
2554,472188.jpg
2555,472674.jpg
2556,472675.jpg
2557,473759.jpg
2558,473765.jpg
2559,473778.jpg
2560,473818.jpg
2561,475148.jpg
2562,475245.jpg
2563,475246.jpg
2564,475247.jpg
2565,475956.jpg
2566,476321.jpg
2567,476601.jpg
2568,476602.jpg
2569,476603.jpg
2570,476604.jpg
2571,476605.jpg
2572,476885.jpg
2573,476889.jpg
2574,476890.jpg
2575,476911.jpg
2576,47728.jpg
2577,477541.jpg
2578,47760.jpg
2579,478128.jpg
2580,478923.jpg
2581,479185.jpg
2582,479709.jpg
2583,480284.jpg
2584,480298.jpg
2585,480740.jpg
2586,480984.jpg
2587,481182.jpg
2588,481429.jpg
2589,482339.jpg
2590,482340.jpg
2591,482352.jpg
2592,482353.jpg
2593,482683.jpg
2594,482788.jpg
2595,482858.jpg
2596,482859.jpg
2597,482860.jpg
2598,482861.jpg
2599,482862.jpg
2600,483052.jpg
2601,483053.jpg
2602,483559.jpg
2603,483616.jpg
2604,483617.jpg
2605,483618.jpg
2606,483619.jpg
2607,485800.jpg
2608,485801.jpg
2609,485802.jpg
2610,485803.jpg
2611,485847.jpg
2612,485919.jpg
2613,485920.jpg
2614,485921.jpg
2615,485929.jpg
2616,485930.jpg
2617,486779.jpg
2618,486956.jpg
2619,486957.jpg
2620,487219.jpg
2621,487303.jpg
2622,487315.jpg
2623,487328.jpg
2624,487365.jpg
2625,487420.jpg
2626,488343.jpg
2627,488434.jpg
2628,488435.jpg
2629,488436.jpg
2630,488437.jpg
2631,488438.jpg
2632,488583.jpg
2633,488649.jpg
2634,488663.jpg
2635,488664.jpg
2636,488770.jpg
2637,488771.jpg
2638,488815.jpg
2639,488904.jpg
2640,488905.jpg
2641,488906.jpg
2642,489007.jpg
2643,489062.jpg
2644,489290.jpg
2645,489414.jpg
2646,489415.jpg
2647,489622.jpg
2648,489904.jpg
2649,490270.jpg
2650,490271.jpg
2651,490272.jpg
2652,490273.jpg
2653,490274.jpg
2654,490498.jpg
2655,490502.jpg
2656,490512.jpg
2657,490513.jpg
2658,490520.jpg
2659,490525.jpg
2660,490526.jpg
2661,490527.jpg
2662,490531.jpg
2663,490536.jpg
2664,490537.jpg
2665,490542.jpg
2666,490543.jpg
2667,490544.jpg
2668,490545.jpg
2669,490546.jpg
2670,490547.jpg
2671,490551.jpg
2672,490555.jpg
2673,490556.jpg
2674,490561.jpg
2675,490562.jpg
2676,490563.jpg
2677,490566.jpg
2678,490616.jpg
2679,490617.jpg
2680,490618.jpg
2681,490619.jpg
2682,490622.jpg
2683,490843.jpg
2684,490874.jpg
2685,490876.jpg
2686,491212.jpg
2687,491213.jpg
2688,491322.jpg
2689,491755.jpg
2690,491756.jpg
2691,491860.jpg
2692,492010.jpg
2693,492023.jpg
2694,492024.jpg
2695,492025.jpg
2696,492330.jpg
2697,492331.jpg
2698,492484.jpg
2699,492974.jpg
2700,493160.jpg
2701,493324.jpg
2702,493678.jpg
2703,493680.jpg
2704,493683.jpg
2705,493684.jpg
2706,493685.jpg
2707,493686.jpg
2708,494183.jpg
2709,494184.jpg
2710,494185.jpg
2711,494186.jpg
2712,494372.jpg
2713,494863.jpg
2714,495029.jpg
2715,495030.jpg
2716,49522.jpg
2717,49523.jpg
2718,49539.jpg
2719,495799.jpg
2720,495891.jpg
2721,495892.jpg
2722,496919.jpg
2723,496935.jpg
2724,496976.jpg
2725,496977.jpg
2726,496978.jpg
2727,496979.jpg
2728,496980.jpg
2729,496981.jpg
2730,496991.jpg
2731,497557.jpg
2732,497570.jpg
2733,497856.jpg
2734,498096.jpg
2735,499099.jpg
2736,499100.jpg
2737,499101.jpg
2738,499104.jpg
2739,499105.jpg
2740,499106.jpg
2741,500328.jpg
2742,50040.jpg
2743,50075.jpg
2744,500970.jpg
2745,500971.jpg
2746,500972.jpg
2747,501094.jpg
2748,501237.jpg
2749,501238.jpg
2750,501239.jpg
2751,501240.jpg
2752,501243.jpg
2753,501277.jpg
2754,501278.jpg
2755,501279.jpg
2756,501280.jpg
2757,501281.jpg
2758,501291.jpg
2759,502311.jpg
2760,502716.jpg
2761,502725.jpg
2762,502784.jpg
2763,502921.jpg
2764,503036.jpg
2765,503116.jpg
2766,503491.jpg
2767,504679.jpg
2768,504680.jpg
2769,50661.jpg
2770,507361.jpg
2771,507362.jpg
2772,507363.jpg
2773,508497.jpg
2774,509049.jpg
2775,509730.jpg
2776,510165.jpg
2777,510166.jpg
2778,510251.jpg
2779,510252.jpg
2780,510253.jpg
2781,510254.jpg
2782,511062.jpg
2783,511063.jpg
2784,511064.jpg
2785,511065.jpg
2786,511243.jpg
2787,511244.jpg
2788,511245.jpg
2789,511246.jpg
2790,511389.jpg
2791,511399.jpg
2792,511583.jpg
2793,511657.jpg
2794,511658.jpg
2795,511659.jpg
2796,511660.jpg
2797,51187.jpg
2798,512945.jpg
2799,512946.jpg
2800,513008.jpg
2801,513009.jpg
2802,513010.jpg
2803,513475.jpg
2804,51384.jpg
2805,514065.jpg
2806,514438.jpg
2807,514439.jpg
2808,514991.jpg
2809,515904.jpg
2810,515911.jpg
2811,516227.jpg
2812,516562.jpg
2813,516686.jpg
2814,516702.jpg
2815,516707.jpg
2816,517616.jpg
2817,517636.jpg
2818,517637.jpg
2819,517638.jpg
2820,517649.jpg
2821,517650.jpg
2822,519228.jpg
2823,519236.jpg
2824,519645.jpg
2825,520782.jpg
2826,520783.jpg
2827,520869.jpg
2828,520870.jpg
2829,520871.jpg
2830,520877.jpg
2831,520878.jpg
2832,520884.jpg
2833,521053.jpg
2834,521097.jpg
2835,521098.jpg
2836,521099.jpg
2837,521100.jpg
2838,521101.jpg
2839,521245.jpg
2840,521246.jpg
2841,521247.jpg
2842,521248.jpg
2843,521582.jpg
2844,522148.jpg
2845,522149.jpg
2846,522150.jpg
2847,522151.jpg
2848,52223.jpg
2849,522495.jpg
2850,522496.jpg
2851,522498.jpg
2852,522703.jpg
2853,522704.jpg
2854,522705.jpg
2855,522706.jpg
2856,523432.jpg
2857,523433.jpg
2858,523434.jpg
2859,523435.jpg
2860,523436.jpg
2861,523563.jpg
2862,524186.jpg
2863,524187.jpg
2864,524188.jpg
2865,524190.jpg
2866,524286.jpg
2867,525282.jpg
2868,525283.jpg
2869,525284.jpg
2870,525285.jpg
2871,525286.jpg
2872,525287.jpg
2873,525288.jpg
2874,525289.jpg
2875,525527.jpg
2876,525528.jpg
2877,525529.jpg
2878,525530.jpg
2879,525837.jpg
2880,525838.jpg
2881,526205.jpg
2882,526254.jpg
2883,526986.jpg
2884,526987.jpg
2885,526988.jpg
2886,527356.jpg
2887,527723.jpg
2888,528360.jpg
2889,528361.jpg
2890,529132.jpg
2891,529173.jpg
2892,529174.jpg
2893,529175.jpg
2894,529176.jpg
2895,529177.jpg
2896,529178.jpg
2897,529179.jpg
2898,529405.jpg
2899,530646.jpg
2900,530689.jpg
2901,530835.jpg
2902,531465.jpg
2903,531501.jpg
2904,531567.jpg
2905,53284.jpg
2906,53286.jpg
2907,53332.jpg
2908,533386.jpg
2909,533423.jpg
2910,533424.jpg
2911,533991.jpg
2912,533994.jpg
2913,533995.jpg
2914,534308.jpg
2915,534499.jpg
2916,535062.jpg
2917,535073.jpg
2918,535074.jpg
2919,535075.jpg
2920,535076.jpg
2921,535450.jpg
2922,535452.jpg
2923,535749.jpg
2924,535807.jpg
2925,535827.jpg
2926,536444.jpg
2927,536445.jpg
2928,536523.jpg
2929,536524.jpg
2930,536525.jpg
2931,536526.jpg
2932,536527.jpg
2933,536528.jpg
2934,536977.jpg
2935,536978.jpg
2936,536979.jpg
2937,537103.jpg
2938,537106.jpg
2939,537822.jpg
2940,537823.jpg
2941,538000.jpg
2942,538592.jpg
2943,538593.jpg
2944,538784.jpg
2945,539029.jpg
2946,539032.jpg
2947,539034.jpg
2948,539035.jpg
2949,539036.jpg
2950,539037.jpg
2951,539038.jpg
2952,539039.jpg
2953,541368.jpg
2954,541369.jpg
2955,541370.jpg
2956,541371.jpg
2957,541372.jpg
2958,541582.jpg
2959,541813.jpg
2960,542356.jpg
2961,542557.jpg
2962,542559.jpg
2963,54439.jpg
2964,54573.jpg
2965,545788.jpg
2966,546173.jpg
2967,546341.jpg
2968,546360.jpg
2969,546521.jpg
2970,546522.jpg
2971,546535.jpg
2972,546536.jpg
2973,546554.jpg
2974,546555.jpg
2975,546560.jpg
2976,546561.jpg
2977,546564.jpg
2978,546565.jpg
2979,546566.jpg
2980,546567.jpg
2981,546570.jpg
2982,546571.jpg
2983,546572.jpg
2984,546573.jpg
2985,546574.jpg
2986,546575.jpg
2987,546580.jpg
2988,546581.jpg
2989,546601.jpg
2990,546602.jpg
2991,546629.jpg
2992,546630.jpg
2993,546632.jpg
2994,546638.jpg
2995,546645.jpg
2996,546646.jpg
2997,546647.jpg
2998,546698.jpg
2999,546702.jpg
3000,546716.jpg
3001,546717.jpg
3002,548433.jpg
3003,550554.jpg
3004,550680.jpg
3005,552179.jpg
3006,552269.jpg
3007,552316.jpg
3008,554897.jpg
3009,556703.jpg
3010,558942.jpg
3011,558943.jpg
3012,560087.jpg
3013,560953.jpg
3014,560954.jpg
3015,560955.jpg
3016,560956.jpg
3017,561144.jpg
3018,561145.jpg
3019,561146.jpg
3020,561182.jpg
3021,561768.jpg
3022,562816.jpg
3023,562835.jpg
3024,563029.jpg
3025,563034.jpg
3026,563331.jpg
3027,563332.jpg
3028,563333.jpg
3029,563334.jpg
3030,563335.jpg
3031,563336.jpg
3032,563337.jpg
3033,563738.jpg
3034,563754.jpg
3035,563850.jpg
3036,563851.jpg
3037,563852.jpg
3038,563926.jpg
3039,563927.jpg
3040,563928.jpg
3041,563929.jpg
3042,564320.jpg
3043,564321.jpg
3044,5645.jpg
3045,5646.jpg
3046,565485.jpg
3047,565489.jpg
3048,566361.jpg
3049,566362.jpg
3050,567056.jpg
3051,567459.jpg
3052,567460.jpg
3053,567461.jpg
3054,567514.jpg
3055,567839.jpg
3056,567955.jpg
3057,567956.jpg
3058,568465.jpg
3059,568654.jpg
3060,568655.jpg
3061,568656.jpg
3062,568658.jpg
3063,568659.jpg
3064,568660.jpg
3065,568661.jpg
3066,568992.jpg
3067,568994.jpg
3068,569022.jpg
3069,570324.jpg
3070,570325.jpg
3071,570872.jpg
3072,570873.jpg
3073,570874.jpg
3074,570875.jpg
3075,570876.jpg
3076,571875.jpg
3077,571896.jpg
3078,571902.jpg
3079,572508.jpg
3080,572630.jpg
3081,572648.jpg
3082,572649.jpg
3083,572766.jpg
3084,572767.jpg
3085,572768.jpg
3086,572769.jpg
3087,572770.jpg
3088,572861.jpg
3089,572864.jpg
3090,572924.jpg
3091,572925.jpg
3092,572926.jpg
3093,573056.jpg
3094,573057.jpg
3095,573061.jpg
3096,573877.jpg
3097,573897.jpg
3098,573929.jpg
3099,573930.jpg
3100,573931.jpg
3101,573932.jpg
3102,573933.jpg
3103,57407.jpg
3104,574750.jpg
3105,574758.jpg
3106,575064.jpg
3107,575065.jpg
3108,575066.jpg
3109,575903.jpg
3110,575904.jpg
3111,575905.jpg
3112,575906.jpg
3113,575907.jpg
3114,575908.jpg
3115,575909.jpg
3116,575910.jpg
3117,575911.jpg
3118,575912.jpg
3119,575913.jpg
3120,576160.jpg
3121,576161.jpg
3122,577193.jpg
3123,577209.jpg
3124,577210.jpg
3125,577211.jpg
3126,577212.jpg
3127,577217.jpg
3128,577218.jpg
3129,577219.jpg
3130,577220.jpg
3131,578062.jpg
3132,578063.jpg
3133,578066.jpg
3134,578067.jpg
3135,578068.jpg
3136,578072.jpg
3137,578073.jpg
3138,578076.jpg
3139,578078.jpg
3140,578146.jpg
3141,578179.jpg
3142,578764.jpg
3143,578765.jpg
3144,578766.jpg
3145,578767.jpg
3146,578768.jpg
3147,578790.jpg
3148,578791.jpg
3149,579432.jpg
3150,579491.jpg
3151,579898.jpg
3152,579899.jpg
3153,579900.jpg
3154,579901.jpg
3155,579902.jpg
3156,579908.jpg
3157,579909.jpg
3158,579910.jpg
3159,579953.jpg
3160,580209.jpg
3161,580213.jpg
3162,580214.jpg
3163,580793.jpg
3164,580794.jpg
3165,580795.jpg
3166,581020.jpg
3167,581021.jpg
3168,581326.jpg
3169,581766.jpg
3170,581767.jpg
3171,581768.jpg
3172,582082.jpg
3173,582083.jpg
3174,582084.jpg
3175,582090.jpg
3176,582091.jpg
3177,582092.jpg
3178,582093.jpg
3179,582167.jpg
3180,582168.jpg
3181,582169.jpg
3182,582170.jpg
3183,582487.jpg
3184,582488.jpg
3185,582489.jpg
3186,582490.jpg
3187,582491.jpg
3188,582507.jpg
3189,582508.jpg
3190,582509.jpg
3191,583071.jpg
3192,583073.jpg
3193,583074.jpg
3194,583075.jpg
3195,583076.jpg
3196,583080.jpg
3197,583694.jpg
3198,583696.jpg
3199,583894.jpg
3200,583895.jpg
3201,583896.jpg
3202,583897.jpg
3203,583953.jpg
3204,583954.jpg
3205,583955.jpg
3206,583956.jpg
3207,583958.jpg
3208,584810.jpg
3209,584811.jpg
3210,584812.jpg
3211,584813.jpg
3212,584814.jpg
3213,584815.jpg
3214,584816.jpg
3215,584817.jpg
3216,585290.jpg
3217,585291.jpg
3218,585292.jpg
3219,585293.jpg
3220,585294.jpg
3221,585295.jpg
3222,585296.jpg
3223,585297.jpg
3224,586556.jpg
3225,586644.jpg
3226,586645.jpg
3227,586646.jpg
3228,587071.jpg
3229,587072.jpg
3230,587073.jpg
3231,587275.jpg
3232,587276.jpg
3233,587277.jpg
3234,587278.jpg
3235,587695.jpg
3236,587696.jpg
3237,587697.jpg
3238,587698.jpg
3239,587699.jpg
3240,587700.jpg
3241,587711.jpg
3242,587712.jpg
3243,587713.jpg
3244,587714.jpg
3245,587715.jpg
3246,587716.jpg
3247,587717.jpg
3248,587961.jpg
3249,587986.jpg
3250,587987.jpg
3251,587988.jpg
3252,587989.jpg
3253,587990.jpg
3254,587991.jpg
3255,587992.jpg
3256,588395.jpg
3257,588502.jpg
3258,58869.jpg
3259,589033.jpg
3260,589232.jpg
3261,589233.jpg
3262,589622.jpg
3263,59043.jpg
3264,59044.jpg
3265,590484.jpg
3266,590485.jpg
3267,590486.jpg
3268,590490.jpg
3269,590491.jpg
3270,590492.jpg
3271,590497.jpg
3272,590498.jpg
3273,591202.jpg
3274,591235.jpg
3275,591262.jpg
3276,591263.jpg
3277,591264.jpg
3278,591265.jpg
3279,591266.jpg
3280,591298.jpg
3281,591299.jpg
3282,591300.jpg
3283,592488.jpg
3284,592491.jpg
3285,592497.jpg
3286,592499.jpg
3287,592500.jpg
3288,592501.jpg
3289,592502.jpg
3290,592503.jpg
3291,592505.jpg
3292,592527.jpg
3293,592672.jpg
3294,592673.jpg
3295,592674.jpg
3296,592935.jpg
3297,592936.jpg
3298,592937.jpg
3299,592938.jpg
3300,592939.jpg
3301,592940.jpg
3302,592941.jpg
3303,592942.jpg
3304,592943.jpg
3305,592944.jpg
3306,592945.jpg
3307,592946.jpg
3308,592947.jpg
3309,592948.jpg
3310,593545.jpg
3311,593546.jpg
3312,593808.jpg
3313,594682.jpg
3314,594683.jpg
3315,594684.jpg
3316,594685.jpg
3317,5953.jpg
3318,595604.jpg
3319,595606.jpg
3320,595607.jpg
3321,595608.jpg
3322,595609.jpg
3323,596124.jpg
3324,597456.jpg
3325,597457.jpg
3326,597742.jpg
3327,597744.jpg
3328,597746.jpg
3329,597748.jpg
3330,597750.jpg
3331,597766.jpg
3332,597768.jpg
3333,597796.jpg
3334,598163.jpg
3335,59833.jpg
3336,59834.jpg
3337,59942.jpg
3338,600316.jpg
3339,600318.jpg
3340,600319.jpg
3341,600320.jpg
3342,600321.jpg
3343,601259.jpg
3344,601264.jpg
3345,601273.jpg
3346,601275.jpg
3347,60265.jpg
3348,602973.jpg
3349,60409.jpg
3350,60410.jpg
3351,605219.jpg
3352,605220.jpg
3353,605815.jpg
3354,605816.jpg
3355,606455.jpg
3356,606456.jpg
3357,60693.jpg
3358,607673.jpg
3359,60940.jpg
3360,61080.jpg
3361,610838.jpg
3362,611477.jpg
3363,611478.jpg
3364,611479.jpg
3365,611480.jpg
3366,611481.jpg
3367,611482.jpg
3368,611483.jpg
3369,612315.jpg
3370,612518.jpg
3371,612663.jpg
3372,612959.jpg
3373,612960.jpg
3374,612961.jpg
3375,612962.jpg
3376,612963.jpg
3377,612964.jpg
3378,612965.jpg
3379,613037.jpg
3380,613808.jpg
3381,613826.jpg
3382,615709.jpg
3383,615739.jpg
3384,615740.jpg
3385,61583.jpg
3386,615919.jpg
3387,615920.jpg
3388,615921.jpg
3389,616319.jpg
3390,616445.jpg
3391,616479.jpg
3392,616480.jpg
3393,616482.jpg
3394,616490.jpg
3395,616511.jpg
3396,616522.jpg
3397,616551.jpg
3398,617122.jpg
3399,617123.jpg
3400,617425.jpg
3401,617426.jpg
3402,617427.jpg
3403,617428.jpg
3404,617429.jpg
3405,617430.jpg
3406,617431.jpg
3407,617637.jpg
3408,617638.jpg
3409,617639.jpg
3410,617640.jpg
3411,617649.jpg
3412,617650.jpg
3413,617706.jpg
3414,617743.jpg
3415,617878.jpg
3416,617997.jpg
3417,617998.jpg
3418,617999.jpg
3419,618774.jpg
3420,618775.jpg
3421,618776.jpg
3422,619223.jpg
3423,619302.jpg
3424,62011.jpg
3425,62017.jpg
3426,620299.jpg
3427,620300.jpg
3428,621260.jpg
3429,622257.jpg
3430,622591.jpg
3431,622831.jpg
3432,622832.jpg
3433,623122.jpg
3434,623526.jpg
3435,624454.jpg
3436,624455.jpg
3437,624459.jpg
3438,624462.jpg
3439,624463.jpg
3440,624471.jpg
3441,624472.jpg
3442,624481.jpg
3443,624485.jpg
3444,624495.jpg
3445,624807.jpg
3446,625245.jpg
3447,625274.jpg
3448,625275.jpg
3449,625277.jpg
3450,625278.jpg
3451,625285.jpg
3452,625853.jpg
3453,625898.jpg
3454,625899.jpg
3455,625900.jpg
3456,625901.jpg
3457,62714.jpg
3458,627431.jpg
3459,627684.jpg
3460,627976.jpg
3461,629187.jpg
3462,629190.jpg
3463,629412.jpg
3464,629413.jpg
3465,629415.jpg
3466,629418.jpg
3467,629672.jpg
3468,629673.jpg
3469,629674.jpg
3470,629952.jpg
3471,629953.jpg
3472,629955.jpg
3473,629956.jpg
3474,629957.jpg
3475,629958.jpg
3476,630191.jpg
3477,630357.jpg
3478,630358.jpg
3479,630359.jpg
3480,630360.jpg
3481,630439.jpg
3482,630641.jpg
3483,630959.jpg
3484,630960.jpg
3485,630968.jpg
3486,632475.jpg
3487,632479.jpg
3488,632480.jpg
3489,632481.jpg
3490,632482.jpg
3491,633015.jpg
3492,633233.jpg
3493,633254.jpg
3494,633255.jpg
3495,633698.jpg
3496,633949.jpg
3497,634152.jpg
3498,634475.jpg
3499,634479.jpg
3500,634480.jpg
3501,634565.jpg
3502,635310.jpg
3503,63728.jpg
3504,638376.jpg
3505,638377.jpg
3506,638378.jpg
3507,638379.jpg
3508,638380.jpg
3509,638381.jpg
3510,638382.jpg
3511,638383.jpg
3512,638384.jpg
3513,638385.jpg
3514,638505.jpg
3515,638556.jpg
3516,638557.jpg
3517,638558.jpg
3518,638559.jpg
3519,638564.jpg
3520,638613.jpg
3521,638614.jpg
3522,639711.jpg
3523,639712.jpg
3524,639715.jpg
3525,639716.jpg
3526,639717.jpg
3527,639718.jpg
3528,639719.jpg
3529,639940.jpg
3530,639941.jpg
3531,639942.jpg
3532,639943.jpg
3533,639944.jpg
3534,640161.jpg
3535,644673.jpg
3536,644677.jpg
3537,644867.jpg
3538,644868.jpg
3539,64546.jpg
3540,645526.jpg
3541,645527.jpg
3542,646162.jpg
3543,646191.jpg
3544,646224.jpg
3545,646227.jpg
3546,646229.jpg
3547,646231.jpg
3548,646232.jpg
3549,646233.jpg
3550,646234.jpg
3551,646235.jpg
3552,647376.jpg
3553,6563.jpg
3554,65638.jpg
3555,6564.jpg
3556,65652.jpg
3557,656657.jpg
3558,656659.jpg
3559,656660.jpg
3560,659206.jpg
3561,659558.jpg
3562,659559.jpg
3563,659560.jpg
3564,659561.jpg
3565,659588.jpg
3566,65962.jpg
3567,659655.jpg
3568,659656.jpg
3569,659657.jpg
3570,661981.jpg
3571,663559.jpg
3572,663560.jpg
3573,663561.jpg
3574,664183.jpg
3575,665173.jpg
3576,665196.jpg
3577,665520.jpg
3578,665533.jpg
3579,666349.jpg
3580,666350.jpg
3581,666514.jpg
3582,666516.jpg
3583,666518.jpg
3584,66657.jpg
3585,66658.jpg
3586,667006.jpg
3587,667904.jpg
3588,668527.jpg
3589,668533.jpg
3590,668741.jpg
3591,668985.jpg
3592,668986.jpg
3593,668987.jpg
3594,668988.jpg
3595,668989.jpg
3596,669466.jpg
3597,670109.jpg
3598,671225.jpg
3599,671384.jpg
3600,671385.jpg
3601,671419.jpg
3602,671822.jpg
3603,672508.jpg
3604,672588.jpg
3605,672589.jpg
3606,672590.jpg
3607,672591.jpg
3608,672592.jpg
3609,672593.jpg
3610,672594.jpg
3611,672870.jpg
3612,672885.jpg
3613,672890.jpg
3614,672909.jpg
3615,672919.jpg
3616,673059.jpg
3617,674037.jpg
3618,67444.jpg
3619,67445.jpg
3620,67446.jpg
3621,67447.jpg
3622,675262.jpg
3623,675270.jpg
3624,677832.jpg
3625,678590.jpg
3626,678661.jpg
3627,678662.jpg
3628,678663.jpg
3629,678664.jpg
3630,678665.jpg
3631,679111.jpg
3632,679112.jpg
3633,679113.jpg
3634,679114.jpg
3635,680503.jpg
3636,680504.jpg
3637,681069.jpg
3638,681072.jpg
3639,681074.jpg
3640,681081.jpg
3641,681106.jpg
3642,681108.jpg
3643,681110.jpg
3644,682770.jpg
3645,682785.jpg
3646,68284.jpg
3647,683007.jpg
3648,68334.jpg
3649,68335.jpg
3650,683433.jpg
3651,683434.jpg
3652,683435.jpg
3653,68362.jpg
3654,68363.jpg
3655,68364.jpg
3656,683788.jpg
3657,683794.jpg
3658,683851.jpg
3659,683923.jpg
3660,683938.jpg
3661,68410.jpg
3662,68411.jpg
3663,68412.jpg
3664,684394.jpg
3665,684395.jpg
3666,684407.jpg
3667,684446.jpg
3668,684453.jpg
3669,684472.jpg
3670,684473.jpg
3671,684474.jpg
3672,684475.jpg
3673,684476.jpg
3674,684477.jpg
3675,684478.jpg
3676,684677.jpg
3677,684724.jpg
3678,684725.jpg
3679,684726.jpg
3680,684727.jpg
3681,684854.jpg
3682,685206.jpg
3683,685207.jpg
3684,685208.jpg
3685,685209.jpg
3686,686071.jpg
3687,686296.jpg
3688,68659.jpg
3689,686868.jpg
3690,686924.jpg
3691,687192.jpg
3692,687193.jpg
3693,687291.jpg
3694,687641.jpg
3695,687642.jpg
3696,687643.jpg
3697,687644.jpg
3698,687668.jpg
3699,687669.jpg
3700,687670.jpg
3701,687699.jpg
3702,687700.jpg
3703,688001.jpg
3704,688003.jpg
3705,688004.jpg
3706,688005.jpg
3707,688006.jpg
3708,688007.jpg
3709,688008.jpg
3710,688103.jpg
3711,688104.jpg
3712,688105.jpg
3713,688106.jpg
3714,68836.jpg
3715,688440.jpg
3716,68920.jpg
3717,689238.jpg
3718,689271.jpg
3719,689471.jpg
3720,689696.jpg
3721,689939.jpg
3722,690289.jpg
3723,690466.jpg
3724,690500.jpg
3725,690512.jpg
3726,6909.jpg
3727,69090.jpg
3728,690982.jpg
3729,690983.jpg
3730,690984.jpg
3731,690985.jpg
3732,690986.jpg
3733,690987.jpg
3734,690988.jpg
3735,690989.jpg
3736,6910.jpg
3737,691224.jpg
3738,69132.jpg
3739,69133.jpg
3740,69134.jpg
3741,691857.jpg
3742,69425.jpg
3743,69442.jpg
3744,694617.jpg
3745,694618.jpg
3746,694756.jpg
3747,694886.jpg
3748,694979.jpg
3749,695399.jpg
3750,695400.jpg
3751,695401.jpg
3752,695402.jpg
3753,695403.jpg
3754,695404.jpg
3755,695405.jpg
3756,695443.jpg
3757,695444.jpg
3758,695527.jpg
3759,695528.jpg
3760,696411.jpg
3761,696412.jpg
3762,696413.jpg
3763,696414.jpg
3764,696415.jpg
3765,696416.jpg
3766,696417.jpg
3767,696418.jpg
3768,696419.jpg
3769,697273.jpg
3770,697544.jpg
3771,697545.jpg
3772,697990.jpg
3773,697991.jpg
3774,697992.jpg
3775,697993.jpg
3776,698004.jpg
3777,698005.jpg
3778,698006.jpg
3779,698007.jpg
3780,698133.jpg
3781,699653.jpg
3782,699654.jpg
3783,699655.jpg
3784,699656.jpg
3785,699657.jpg
3786,699658.jpg
3787,699659.jpg
3788,699660.jpg
3789,699661.jpg
3790,699662.jpg
3791,699663.jpg
3792,699664.jpg
3793,699665.jpg
3794,699666.jpg
3795,699667.jpg
3796,699668.jpg
3797,699669.jpg
3798,70041.jpg
3799,70045.jpg
3800,70058.jpg
3801,70059.jpg
3802,70060.jpg
3803,70061.jpg
3804,70062.jpg
3805,70068.jpg
3806,70069.jpg
3807,701336.jpg
3808,70443.jpg
3809,70444.jpg
3810,70445.jpg
3811,70942.jpg
3812,70943.jpg
3813,71508.jpg
3814,71509.jpg
3815,71510.jpg
3816,72380.jpg
3817,72381.jpg
3818,72619.jpg
3819,72620.jpg
3820,72621.jpg
3821,72622.jpg
3822,73080.jpg
3823,74883.jpg
3824,75824.jpg
3825,75825.jpg
3826,75826.jpg
3827,75827.jpg
3828,75828.jpg
3829,75829.jpg
3830,75830.jpg
3831,75910.jpg
3832,75916.jpg
3833,7696.jpg
3834,7697.jpg
3835,778.jpg
3836,80965.jpg
3837,81049.jpg
3838,81429.jpg
3839,81852.jpg
3840,81918.jpg
3841,82045.jpg
3842,82544.jpg
3843,82689.jpg
3844,82690.jpg
3845,82691.jpg
3846,82692.jpg
3847,82693.jpg
3848,82694.jpg
3849,8498.jpg
3850,85455.jpg
3851,85456.jpg
3852,85910.jpg
3853,85911.jpg
3854,85912.jpg
3855,85959.jpg
3856,85968.jpg
3857,86484.jpg
3858,86485.jpg
3859,86486.jpg
3860,87120.jpg
3861,87793.jpg
3862,88290.jpg
3863,88291.jpg
3864,88292.jpg
3865,88293.jpg
3866,88315.jpg
3867,88316.jpg
3868,88474.jpg
3869,88475.jpg
3870,89210.jpg
3871,89446.jpg
3872,89790.jpg
3873,9023.jpg
3874,9032.jpg
3875,90346.jpg
3876,90347.jpg
3877,90348.jpg
3878,90349.jpg
3879,90594.jpg
3880,90595.jpg
3881,90960.jpg
3882,91261.jpg
3883,91738.jpg
3884,9194.jpg
3885,9478.jpg
3886,94808.jpg
3887,9538.jpg
3888,96572.jpg
3889,96918.jpg
3890,96919.jpg
